Anas,7
Hamza,7
Wakefield Handforth,2
Keven Olenikov,9
Conni Orpwood,9
Giulia Veelers,3
Tod Feldmann,4
Marius Brockbank,5
Sean Duncanson,1
Harmonie Bradder,4
Chrissy Piell,3
Dana Renshaw,5
Pierre Easman,9
Harmonia Vescovini,4
Loralee Batchan,9
Kingsly Dhillon,6
Ivor Beardshall,9
Raddie Woodings,6
Melanie Heather,2
Katerine Dominici,3
Evonne Cymper,5
Ransom Fidock,3
Aretha Grason,6
Shalna Dalziell,8
Juline Ithell,8
Maggie Keer,5
Rossie Stubs,2
Arlin Pockey,1
Nye Grayland,1
Daveen Beeres,7
Emmanuel Clowley,4
Rudolph Grealey,2
Meriel Milburne,6
Dee Dunnan,1
Lionel MacKenny,1
Janek Van De Cappelle,3
Billie Hegge,4
Abby Osment,2
Ethelred Powder,5
Yance MacPhee,8
Lucinda Semered,6
Nerita Elsley,10
Gasparo Matejovsky,5
Debbi Brunsen,9
Lizzy Wermerling,8
Wilhelmine Pranger,2
Julienne Georg,1
Tarrance Farnham,8
Ebenezer Algate,9
Nedda Scrange,1
Delano Wesley,9
Lisa Colbert,2
Kynthia Rihosek,6
Truman Skocroft,9
Alex Bohje,6
Hamid Fleetham,10
Mariellen Shillabeare,4
Winn Palfery,3
Galvin Goodred,4
Mildrid Merryfield,9
Fairleigh Yearne,5
Evangelin Tibb,4
Keriann Worters,5
Zorine Capron,2
Bab Hebblethwaite,2
Tonie Killik,7
Elbertina Sage,10
Yevette Midlar,10
Estella Hollows,10
Arabele Worral,6
Giraud Matanin,7
Ken McDonell,2
Patricia Sproule,4
Karole Rolse,5
Elihu Cruces,3
Nobe Elms,3
Gretta McGiffin,7
Devon Union,6
Nevin Swait,3
Annmaria Buzza,7
Marnia Walshaw,8
Karlie Pavitt,9
Charlene Diem,5
Fran Yeoman,6
Kailey Collabine,1
Romonda Westcott,1
Finley Meaker,8
Cybill Cinelli,3
Kelsy Athow,2
Gillie Farthing,9
Roselin Goldsby,2
Granny Maty,3
Prince Cuxon,5
Pooh Ansley,7
Alexandrina Geck,6
Shadow Hannam,4
Desiree Fabbri,7
Perry Simmgen,1
Sarene Conochie,1
Ellen Tackes,10
Mohamed Qanah,11
Mohamed Qanah,11
Mohamed Qanah,11
,11
