1,1000,7,Anas
2,1001,7,Hamza
2,1001,7,
3,1002,2,Wakefield Handforth
4,1003,9,Keven Olenikov
5,1004,9,Conni Orpwood
6,1005,3,Giulia Veelers
7,1006,4,Tod Feldmann
8,1007,5,Marius Brockbank
9,1008,1,Sean Duncanson
10,1009,4,Harmonie Bradder
11,1010,3,Chrissy Piell
12,1011,5,Dana Renshaw
13,1012,9,Pierre Easman
14,1013,4,Harmonia Vescovini
15,1014,9,Loralee Batchan
16,1015,6,Kingsly Dhillon
17,1016,9,Ivor Beardshall
18,1017,6,Raddie Woodings
19,1018,2,Melanie Heather
20,1019,3,Katerine Dominici
21,1020,5,Evonne Cymper
22,1021,3,Ransom Fidock
23,1022,6,Aretha Grason
24,1023,8,Shalna Dalziell
25,1024,8,Juline Ithell
26,1025,5,Maggie Keer
27,1026,2,Rossie Stubs
28,1027,1,Arlin Pockey
29,1028,1,Nye Grayland
30,1029,7,Daveen Beeres
31,1030,4,Emmanuel Clowley
32,1031,2,Rudolph Grealey
33,1032,6,Meriel Milburne
34,1033,1,Dee Dunnan
35,1034,1,Lionel MacKenny
36,1035,3,Janek Van De Cappelle
37,1036,4,Billie Hegge
38,1037,2,Abby Osment
39,1038,5,Ethelred Powder
40,1039,8,Yance MacPhee
41,1040,6,Lucinda Semered
42,1041,10,Nerita Elsley
43,1042,5,Gasparo Matejovsky
44,1043,9,Debbi Brunsen
45,1044,8,Lizzy Wermerling
46,1045,2,Wilhelmine Pranger
47,1046,1,Julienne Georg
48,1047,8,Tarrance Farnham
49,1048,9,Ebenezer Algate
50,1049,1,Nedda Scrange
51,1050,9,Delano Wesley
52,1051,2,Lisa Colbert
53,1052,6,Kynthia Rihosek
54,1053,9,Truman Skocroft
55,1054,6,Alex Bohje
56,1055,10,Hamid Fleetham
57,1056,4,Mariellen Shillabeare
58,1057,3,Winn Palfery
59,1058,4,Galvin Goodred
60,1059,9,Mildrid Merryfield
61,1060,5,Fairleigh Yearne
62,1061,4,Evangelin Tibb
63,1062,5,Keriann Worters
64,1063,2,Zorine Capron
65,1064,2,Bab Hebblethwaite
66,1065,7,Tonie Killik
67,1066,10,Elbertina Sage
68,1067,10,Yevette Midlar
69,1068,10,Estella Hollows
70,1069,6,Arabele Worral
71,1070,7,Giraud Matanin
72,1071,2,Ken McDonell
73,1072,4,Patricia Sproule
74,1073,5,Karole Rolse
75,1074,3,Elihu Cruces
76,1075,3,Nobe Elms
77,1076,7,Gretta McGiffin
78,1077,6,Devon Union
79,1078,3,Nevin Swait
80,1079,7,Annmaria Buzza
81,1080,8,Marnia Walshaw
82,1081,9,Karlie Pavitt
83,1082,5,Charlene Diem
84,1083,6,Fran Yeoman
85,1084,1,Kailey Collabine
86,1085,1,Romonda Westcott
87,1086,8,Finley Meaker
88,1087,3,Cybill Cinelli
89,1088,2,Kelsy Athow
90,1089,9,Gillie Farthing
91,1090,2,Roselin Goldsby
92,1091,3,Granny Maty
93,1092,5,Prince Cuxon
94,1093,7,Pooh Ansley
95,1094,6,Alexandrina Geck
96,1095,4,Shadow Hannam
97,1096,7,Desiree Fabbri
98,1097,1,Perry Simmgen
99,1098,1,Sarene Conochie
100,1099,10,Ellen Tackes
101,10000,11,Mohamed Qanah
101,10000,11,Mohamed Qanah
101,10000,11,Mohamed Qanah
101,10000,11,
1,1000,7,Anas
2,1001,7,Hamza
2,1001,7,
3,1002,2,Wakefield Handforth
4,1003,9,Keven Olenikov
5,1004,9,Conni Orpwood
6,1005,3,Giulia Veelers
7,1006,4,Tod Feldmann
8,1007,5,Marius Brockbank
9,1008,1,Sean Duncanson
10,1009,4,Harmonie Bradder
11,1010,3,Chrissy Piell
12,1011,5,Dana Renshaw
13,1012,9,Pierre Easman
14,1013,4,Harmonia Vescovini
15,1014,9,Loralee Batchan
16,1015,6,Kingsly Dhillon
17,1016,9,Ivor Beardshall
18,1017,6,Raddie Woodings
19,1018,2,Melanie Heather
20,1019,3,Katerine Dominici
21,1020,5,Evonne Cymper
22,1021,3,Ransom Fidock
23,1022,6,Aretha Grason
24,1023,8,Shalna Dalziell
25,1024,8,Juline Ithell
26,1025,5,Maggie Keer
27,1026,2,Rossie Stubs
28,1027,1,Arlin Pockey
29,1028,1,Nye Grayland
30,1029,7,Daveen Beeres
31,1030,4,Emmanuel Clowley
32,1031,2,Rudolph Grealey
33,1032,6,Meriel Milburne
34,1033,1,Dee Dunnan
35,1034,1,Lionel MacKenny
36,1035,3,Janek Van De Cappelle
37,1036,4,Billie Hegge
38,1037,2,Abby Osment
39,1038,5,Ethelred Powder
40,1039,8,Yance MacPhee
41,1040,6,Lucinda Semered
42,1041,10,Nerita Elsley
43,1042,5,Gasparo Matejovsky
44,1043,9,Debbi Brunsen
45,1044,8,Lizzy Wermerling
46,1045,2,Wilhelmine Pranger
47,1046,1,Julienne Georg
48,1047,8,Tarrance Farnham
49,1048,9,Ebenezer Algate
50,1049,1,Nedda Scrange
51,1050,9,Delano Wesley
52,1051,2,Lisa Colbert
53,1052,6,Kynthia Rihosek
54,1053,9,Truman Skocroft
55,1054,6,Alex Bohje
56,1055,10,Hamid Fleetham
57,1056,4,Mariellen Shillabeare
58,1057,3,Winn Palfery
59,1058,4,Galvin Goodred
60,1059,9,Mildrid Merryfield
61,1060,5,Fairleigh Yearne
62,1061,4,Evangelin Tibb
63,1062,5,Keriann Worters
64,1063,2,Zorine Capron
65,1064,2,Bab Hebblethwaite
66,1065,7,Tonie Killik
67,1066,10,Elbertina Sage
68,1067,10,Yevette Midlar
69,1068,10,Estella Hollows
70,1069,6,Arabele Worral
71,1070,7,Giraud Matanin
72,1071,2,Ken McDonell
73,1072,4,Patricia Sproule
74,1073,5,Karole Rolse
75,1074,3,Elihu Cruces
76,1075,3,Nobe Elms
77,1076,7,Gretta McGiffin
78,1077,6,Devon Union
79,1078,3,Nevin Swait
80,1079,7,Annmaria Buzza
81,1080,8,Marnia Walshaw
82,1081,9,Karlie Pavitt
83,1082,5,Charlene Diem
84,1083,6,Fran Yeoman
85,1084,1,Kailey Collabine
86,1085,1,Romonda Westcott
87,1086,8,Finley Meaker
88,1087,3,Cybill Cinelli
89,1088,2,Kelsy Athow
90,1089,9,Gillie Farthing
91,1090,2,Roselin Goldsby
92,1091,3,Granny Maty
93,1092,5,Prince Cuxon
94,1093,7,Pooh Ansley
95,1094,6,Alexandrina Geck
96,1095,4,Shadow Hannam
97,1096,7,Desiree Fabbri
98,1097,1,Perry Simmgen
99,1098,1,Sarene Conochie
100,1099,10,Ellen Tackes
101,10000,11,Mohamed Qanah
101,10000,11,Mohamed Qanah
101,10000,11,Mohamed Qanah
101,10000,11,
